ref,date,vendor,category,desc,amount,pct,her_share,include,in_window,note,file
C-176,2024-08-22,AT&T Business (Pearsons Luggage),AT&T Business,Her portion of shared wireless plan (family bill),100.0,0,100.0,True,True,email-sourced | $100/mo portion per agreement,(shared family wireless plan - statement available on request)
C-177,2024-09-22,AT&T Business (Pearsons Luggage),AT&T Business,Her portion of shared wireless plan (family bill),100.0,0,100.0,True,True,email-sourced | $100/mo portion per agreement,(shared family wireless plan - statement available on request)
C-178,2024-10-22,AT&T Business (Pearsons Luggage),AT&T Business,Her portion of shared wireless plan (family bill),100.0,0,100.0,True,True,email-sourced | $100/mo portion per agreement,(shared family wireless plan - statement available on request)
C-179,2024-11-22,AT&T Business (Pearsons Luggage),AT&T Business,Her portion of shared wireless plan (family bill),100.0,0,100.0,True,True,email-sourced | $100/mo portion per agreement,(shared family wireless plan - statement available on request)
C-180,2024-12-22,AT&T Business (Pearsons Luggage),AT&T Business,AT&T business 2024-12 — Lindsey's $100 portion — her portion of shared wireless plan,100.0,0,100.0,True,True,manual,(manual entry - config.json)
C-181,2025-01-22,AT&T Business (Pearsons Luggage),AT&T Business,AT&T business 2025-01 — Lindsey's $100 portion — her portion of shared wireless plan,100.0,0,100.0,True,True,manual,(manual entry - config.json)
C-182,2025-02-22,AT&T Business (Pearsons Luggage),AT&T Business,Her portion of shared wireless plan (family bill),100.0,0,100.0,True,True,email-sourced | $100/mo portion per agreement,(shared family wireless plan - statement available on request)
C-183,2025-03-22,AT&T Business (Pearsons Luggage),AT&T Business,Her portion of shared wireless plan (family bill),100.0,0,100.0,True,True,email-sourced | $100/mo portion per agreement,(shared family wireless plan - statement available on request)
C-184,2025-04-22,AT&T Business (Pearsons Luggage),AT&T Business,Her portion of shared wireless plan (family bill),100.0,0,100.0,True,True,email-sourced | $100/mo portion per agreement,(shared family wireless plan - statement available on request)
C-185,2025-05-22,AT&T Business (Pearsons Luggage),AT&T Business,Her portion of shared wireless plan (family bill),100.0,0,100.0,True,True,email-sourced | $100/mo portion per agreement,(shared family wireless plan - statement available on request)
C-186,2025-06-22,AT&T Business (Pearsons Luggage),AT&T Business,Her portion of shared wireless plan (family bill),100.0,0,100.0,True,True,email-sourced | $100/mo portion per agreement,(shared family wireless plan - statement available on request)
C-187,2025-07-22,AT&T Business (Pearsons Luggage),AT&T Business,Her portion of shared wireless plan (family bill),100.0,0,100.0,True,True,email-sourced | $100/mo portion per agreement,(shared family wireless plan - statement available on request)
C-188,2025-08-22,AT&T Business (Pearsons Luggage),AT&T Business,Her portion of shared wireless plan (family bill),100.0,0,100.0,True,True,email-sourced | $100/mo portion per agreement,(shared family wireless plan - statement available on request)
C-189,2025-09-22,AT&T Business (Pearsons Luggage),AT&T Business,Her portion of shared wireless plan (family bill),100.0,0,100.0,True,True,email-sourced | $100/mo portion per agreement,(shared family wireless plan - statement available on request)
C-190,2025-10-22,AT&T Business (Pearsons Luggage),AT&T Business,Her portion of shared wireless plan (family bill),100.0,0,100.0,True,True,email-sourced | $100/mo portion per agreement,(shared family wireless plan - statement available on request)
C-191,2025-11-22,AT&T Business (Pearsons Luggage),AT&T Business,Her portion of shared wireless plan (family bill),100.0,0,100.0,True,True,email-sourced | $100/mo portion per agreement,(shared family wireless plan - statement available on request)
C-192,2025-12-22,AT&T Business (Pearsons Luggage),AT&T Business,Her portion of shared wireless plan (family bill),100.0,0,100.0,True,True,email-sourced | $100/mo portion per agreement,(shared family wireless plan - statement available on request)
C-193,2026-01-01,AT&T Business (Pearsons Luggage),AT&T Business,Her portion of shared wireless plan (family bill),100.0,0,100.0,True,True, $100/mo portion per agreement,(shared family wireless plan - statement available on request)
C-194,2026-02-01,AT&T Business (Pearsons Luggage),AT&T Business,Her portion of shared wireless plan (family bill),100.0,0,100.0,True,True, $100/mo portion per agreement,(shared family wireless plan - statement available on request)
C-195,2026-03-22,AT&T Business (Pearsons Luggage),AT&T Business,Her portion of shared wireless plan (family bill),100.0,0,100.0,True,True,email-sourced | $100/mo portion per agreement,(shared family wireless plan - statement available on request)
C-196,2026-04-24,AT&T Business (Pearsons Luggage),AT&T Business,Her portion of shared wireless plan (family bill),100.0,0,100.0,True,True,email-sourced | $100/mo portion per agreement,(shared family wireless plan - statement available on request)
C-197,2026-05-24,AT&T Business (Pearsons Luggage),AT&T Business,Her portion of shared wireless plan (family bill),100.0,0,100.0,True,True,email-sourced | $100/mo portion per agreement,(shared family wireless plan - statement available on request)
,2026-06-24,AT&T Business (Pearsons Luggage),AT&T Business,Her portion of shared wireless plan (family bill),100.0,0,0.0,True,False,email-sourced | $100/mo portion per agreement | after AT&T end 2026-05,(shared family wireless plan - statement available on request)
,2026-07-22,AT&T Business (Pearsons Luggage),AT&T Business,Her portion of shared wireless plan (family bill),100.0,0,0.0,True,False,email-sourced | $100/mo portion per agreement | after AT&T end 2026-05,(shared family wireless plan - statement available on request)
C-135,2024-09-18,Advances to Lindsey (Venmo),Advances to Lindsey,Gas for kids soccer/travel etc,54.05,100,54.05,True,True,Gas for kids soccer/travel etc,Lindsey Venmo\Venmo _ Lindsey Pearson.pdf
C-136,2024-09-18,Advances to Lindsey (Venmo),Advances to Lindsey,Linen lit pizza,12.46,100,12.46,True,True,Linen lit pizza,Lindsey Venmo\Venmo _ Lindsey Pearson.pdf
C-137,2024-09-29,Advances to Lindsey (Venmo),Advances to Lindsey,Kids,205.0,100,205.0,True,True,Kids,Lindsey Venmo\Venmo _ Lindsey Pearson.pdf
C-138,2024-10-09,Advances to Lindsey (Venmo),Advances to Lindsey,Kids reimbursement,900.0,100,900.0,True,True,Kids reimbursement,Lindsey Venmo\Venmo _ Lindsey Pearson.pdf
C-139,2024-10-15,Advances to Lindsey (Venmo),Advances to Lindsey,Reimbursement,800.0,100,800.0,True,True,Reimbursement,Lindsey Venmo\Venmo _ Lindsey Pearson.pdf
C-140,2024-11-24,Advances to Lindsey (Venmo),Advances to Lindsey,"Groceries. Gas , etc",197.08,100,197.08,True,True,"Groceries. Gas , etc",Lindsey Venmo\Venmo _ Lindsey Pearson.pdf
C-141,2024-11-30,Advances to Lindsey (Venmo),Advances to Lindsey,Clothes,300.0,100,300.0,True,True,Clothes,Lindsey Venmo\Venmo _ Lindsey Pearson.pdf
,2025-01-09,Advances to Lindsey (Venmo),Advances to Lindsey,Tax reimbursement and groceries,1386.0,100,0.0,False,True,Tax reimbursement and groceries | removed per Ned,Lindsey Venmo\Venmo _ Lindsey Pearson.pdf
C-142,2025-01-16,Advances to Lindsey (Venmo),Advances to Lindsey,Equifax reimbursement,59.7,100,59.7,True,True,Equifax reimbursement,Lindsey Venmo\Venmo _ Lindsey Pearson.pdf
C-143,2025-02-16,Advances to Lindsey (Venmo),Advances to Lindsey,Kids,300.0,100,300.0,True,True,Kids,Lindsey Venmo\Venmo _ Lindsey Pearson.pdf
C-144,2025-03-02,Advances to Lindsey (Venmo),Advances to Lindsey,Kids reimbursement,600.0,100,600.0,True,True,Kids reimbursement,Lindsey Venmo\Venmo _ Lindsey Pearson.pdf
C-145,2025-03-18,Advances to Lindsey (Venmo),Advances to Lindsey,Food,40.0,100,40.0,True,True,Food,Lindsey Venmo\Venmo _ Lindsey Pearson.pdf
C-146,2025-04-28,Advances to Lindsey (Venmo),Advances to Lindsey,Advance to Lindsey,100.0,100,100.0,True,True,,Lindsey Venmo\Venmo _ Lindsey Pearson.pdf
C-147,2025-05-28,Advances to Lindsey (Venmo),Advances to Lindsey,Ac help,80.0,100,80.0,True,True,Ac help,Lindsey Venmo\Venmo _ Lindsey Pearson.pdf
C-148,2025-06-17,Advances to Lindsey (Venmo),Advances to Lindsey,Advance to Lindsey,116.0,100,116.0,True,True,,Lindsey Venmo\Venmo _ Lindsey Pearson.pdf
C-149,2025-07-11,Advances to Lindsey (Venmo),Advances to Lindsey,Linen soccer,130.0,100,130.0,True,True,Linen soccer,Lindsey Venmo\Venmo _ Lindsey Pearson.pdf
C-150,2025-08-18,Advances to Lindsey (Venmo),Advances to Lindsey,Advance to Lindsey,400.0,100,400.0,True,True,,Lindsey Venmo\Venmo _ Lindsey Pearson.pdf
C-151,2025-11-16,Advances to Lindsey (Venmo),Advances to Lindsey,Groceries,100.0,100,100.0,True,True,Groceries,Lindsey Venmo\Venmo _ Lindsey Pearson.pdf
C-152,2025-11-18,Advances to Lindsey (Venmo),Advances to Lindsey,Advance to Lindsey,200.0,100,200.0,True,True,,Lindsey Venmo\Venmo _ Lindsey Pearson.pdf
C-153,2025-12-05,Advances to Lindsey (Venmo),Advances to Lindsey,House reimbursement,160.0,100,160.0,True,True,House reimbursement,Lindsey Venmo\Venmo _ Lindsey Pearson.pdf
C-211,2024-10-09,Ali Fisher,Cleaning,Cleaning,154.5,50,77.25,True,True,Venmo,Venmo\VenmoStatement_October_2024 (1).csv
C-212,2024-10-29,Ali Fisher,Cleaning,Cleaning,275.0,50,137.5,True,True,Venmo,Venmo\VenmoStatement_October_2024 (1).csv
C-213,2025-03-07,Holly Rains,Cleaning,🏠 Cleaning,180.25,50,90.13,True,True,Venmo,Venmo\VenmoStatement_March_2025 (1).csv
C-209,2026-04-19,House Cleaning,Cleaning,House cleaning (Zelle),600.0,50,300.0,True,True, (known amount; OCR unavailable),Misc\Cleaning.png
C-210,2026-05-22,House Cleaning,Cleaning,Exterior softwash (Green Tiger),900.0,50,450.0,True,True,,Misc\GreenTiger_Softwash_Inv789.pdf
C-130,2026-03-24,De Roman's Construction,Construction & Home Improvements,"inv#0000717 - renovation phase 1, sale prep (paid; 'payment to Paco')",5600.0,50,2800.0,True,True,email-sourced,(from Gmail sweep 2026-07-18)
C-131,2026-05-31,De Roman's Construction,Construction & Home Improvements,"inv#0001127 - shower & laundry room completion, realtor punch list (paid)",10300.0,50,5150.0,True,True,email-sourced,(from Gmail sweep 2026-07-18)
C-132,2026-06-05,Hager Painting,Construction & Home Improvements,"Interior painting at 8792 W Fairway Dr - touch-up and partial painting throughout, plus fully painting six walls. Hager Painting invoice #811012, 6/5/2026 (Rick Hager, 225-954-7206).",600.0,50,300.0,True,True,manual,Misc/HagerPainting_Inv811012_June2026.jpg
C-134,2025-09-25,Landon Haynes,Home Repairs & A/C,"A/C repair work on the house — paid cash $3,000 (Chase withdrawal slip 9/25/25, memo 'Landon Haynes AC work')",3000.0,50,1500.0,True,True,manual,(manual entry - config.json)
C-133,2026-07-22,Kids A/C,Home Repairs & A/C,Kids' rooms A/C work — manual ticket per Ned (documentation to follow),3600.0,50,1800.0,True,True,manual,(manual entry - config.json)
C-222,2026-06-20,Helm Paint (Hager Painting),Labor,"Paint for sale-prep painting — Helm Paint receipt PR040983, 6/20/2026 (receipt on file: Misc/HelmPaint_PR040983.jpg)",139.35,50,69.68,True,True,manual,(manual entry - config.json)
C-221,2026-07-18,Labor,Labor,Labor (agreed flat amount),3100.0,50,1550.0,True,True,manual,(manual entry - config.json)
C-214,2025-06-13,Lions Lawncare,Lawn/Yard,.,140.0,50,70.0,True,True,Venmo,Venmo\VenmoStatement_June_2025 (1).csv
C-215,2025-11-18,Lions Lawncare,Lawn/Yard,Yard work,300.0,50,150.0,True,True,Venmo,Venmo\VenmoStatement_November_2025 (1).csv
C-216,2025-11-19,Lions Lawncare,Lawn/Yard,Please apply this to my account Ned Pearson  8792 west fairway dr 70809,200.0,50,100.0,True,True,Venmo,Venmo\VenmoStatement_November_2025 (1).csv
C-217,2026-03-29,Alex Shivor,Lawn/Yard,Yard work,60.0,50,30.0,True,True,Venmo,Venmo\VenmoStatement_March_2026.csv
C-001,2024-08-01,Assurance Financial,Mortgage,"Home mortgage (8792 W Fairway Dr) - Assurance Financial, actual amounts from payment notices",3675.19,50,1837.6,True,True,mortgage (actual),(from Assurance payment notices - email)
C-002,2024-09-01,Assurance Financial,Mortgage,"Home mortgage (8792 W Fairway Dr) - Assurance Financial, actual amounts from payment notices",3675.19,50,1837.6,True,True,mortgage (actual),(from Assurance payment notices - email)
C-003,2024-10-01,Assurance Financial,Mortgage,"Home mortgage (8792 W Fairway Dr) - Assurance Financial, actual amounts from payment notices",3675.19,50,1837.6,True,True,mortgage (actual),(from Assurance payment notices - email)
C-004,2024-11-01,Assurance Financial,Mortgage,"Home mortgage (8792 W Fairway Dr) - Assurance Financial, actual amounts from payment notices",3675.19,50,1837.6,True,True,mortgage (actual),(from Assurance payment notices - email)
C-005,2024-12-01,Assurance Financial,Mortgage,"Home mortgage (8792 W Fairway Dr) - Assurance Financial, actual amounts from payment notices",3675.19,50,1837.6,True,True,mortgage (actual),(from Assurance payment notices - email)
C-006,2025-01-01,Assurance Financial,Mortgage,"Home mortgage (8792 W Fairway Dr) - Assurance Financial, actual amounts from payment notices",3675.19,50,1837.6,True,True,mortgage (actual),(from Assurance payment notices - email)
C-007,2025-01-07,Assurance Financial,Mortgage,"Returned-check late charges $205 + NSF fee $20 (Notice 1/7/25, addressed to both Gerald & Lindsey Pearson; $3,675.19 check returned)",225.0,50,112.5,True,True,manual,(manual entry - config.json)
C-008,2025-02-01,Assurance Financial,Mortgage,"Home mortgage (8792 W Fairway Dr) - Assurance Financial, actual amounts from payment notices",3675.19,50,1837.6,True,True,mortgage (actual),(from Assurance payment notices - email)
C-009,2025-03-01,Assurance Financial,Mortgage,"Home mortgage (8792 W Fairway Dr) - Assurance Financial, actual amounts from payment notices",3675.19,50,1837.6,True,True,mortgage (actual),(from Assurance payment notices - email)
C-010,2025-04-01,Assurance Financial,Mortgage,"Home mortgage (8792 W Fairway Dr) - Assurance Financial, actual amounts from payment notices",3675.19,50,1837.6,True,True,mortgage (actual),(from Assurance payment notices - email)
C-011,2025-05-01,Assurance Financial,Mortgage,"Home mortgage (8792 W Fairway Dr) - Assurance Financial, actual amounts from payment notices",3538.62,50,1769.31,True,True,mortgage (actual),(from Assurance payment notices - email)
C-012,2025-06-01,Assurance Financial,Mortgage,"Home mortgage (8792 W Fairway Dr) - Assurance Financial, actual amounts from payment notices",3538.62,50,1769.31,True,True,mortgage (actual),(from Assurance payment notices - email)
C-013,2025-07-01,Assurance Financial,Mortgage,"Home mortgage (8792 W Fairway Dr) - Assurance Financial, actual amounts from payment notices",3538.62,50,1769.31,True,True,mortgage (actual),(from Assurance payment notices - email)
C-014,2025-08-01,Assurance Financial,Mortgage,"Home mortgage (8792 W Fairway Dr) - Assurance Financial, actual amounts from payment notices",3538.62,50,1769.31,True,True,mortgage (actual),(from Assurance payment notices - email)
C-015,2025-09-01,Assurance Financial,Mortgage,"Home mortgage (8792 W Fairway Dr) - Assurance Financial, actual amounts from payment notices",3538.62,50,1769.31,True,True,mortgage (actual),(from Assurance payment notices - email)
C-016,2025-10-01,Assurance Financial,Mortgage,"Home mortgage (8792 W Fairway Dr) - Assurance Financial, actual amounts from payment notices",3538.62,50,1769.31,True,True,mortgage (actual),(from Assurance payment notices - email)
C-017,2025-11-01,Assurance Financial,Mortgage,"Home mortgage (8792 W Fairway Dr) - Assurance Financial, actual amounts from payment notices",3538.62,50,1769.31,True,True,mortgage (actual),(from Assurance payment notices - email)
C-018,2025-12-01,Assurance Financial,Mortgage,"Home mortgage (8792 W Fairway Dr) - Assurance Financial, actual amounts from payment notices",3538.62,50,1769.31,True,True,mortgage (actual),(from Assurance payment notices - email)
C-019,2026-01-01,Assurance Financial,Mortgage,"Home mortgage (8792 W Fairway Dr) - Assurance Financial, actual amounts from payment notices",3538.62,50,1769.31,True,True,mortgage (actual),(from Assurance payment notices - email)
C-020,2026-02-01,Assurance Financial,Mortgage,"Home mortgage (8792 W Fairway Dr) - Assurance Financial, actual amounts from payment notices",3538.62,50,1769.31,True,True,mortgage (actual),(from Assurance payment notices - email)
C-021,2026-03-01,Assurance Financial,Mortgage,"Home mortgage (8792 W Fairway Dr) - Assurance Financial, actual amounts from payment notices",3917.74,50,1958.87,True,True,mortgage (actual),(from Assurance payment notices - email)
C-022,2026-04-01,Assurance Financial,Mortgage,"Home mortgage (8792 W Fairway Dr) - Assurance Financial, actual amounts from payment notices",3917.74,50,1958.87,True,True,mortgage (actual),(from Assurance payment notices - email)
C-219,2026-04-27,Sarah Lyons,Moving/Household,Packing and organizing the house,150.0,80,120.0,True,True,Venmo,Venmo\VenmoStatement_April_2026.csv
C-220,2026-04-28,Sarah Lyons,Moving/Household,Packing Home up,250.0,80,200.0,True,True,Venmo,Venmo\VenmoStatement_April_2026.csv
C-218,2026-04-28,Moving/Packing,Moving/Household,"Moving & packing — agreed total $2,000 (her belongings); remainder beyond documented payments",1600.0,80,1280.0,True,True,manual,(manual entry - config.json)
,,?,NEEDS REVIEW,UNRECOGNIZED - please categorize,,,0.0,False,True,auto-detect failed,Appraisal.pdf
,,(duplicate file),NEEDS REVIEW,Identical content to another file already counted,,,0.0,False,True,exact-duplicate document - excluded,Atmos\Atmos_Sept_2025.pdf
,,?,NEEDS REVIEW,UNRECOGNIZED - please categorize,320.3,,0.0,False,True,auto-detect failed,Bottom LIne W Fairway (1).pdf
,,(duplicate file),NEEDS REVIEW,Identical content to another file already counted,,,0.0,False,True,exact-duplicate document - excluded,Bottom LIne W Fairway.pdf
,,?,NEEDS REVIEW,UNRECOGNIZED - please categorize,,,0.0,False,True,auto-detect failed,Misc\HelmPaint_PR040983.jpg
,,?,NEEDS REVIEW,UNRECOGNIZED - please categorize,7575.38,,0.0,False,True,auto-detect failed,Misc\SourceRecord_Assurance_ReturnedCheck_2025-01-07.pdf
,,?,NEEDS REVIEW,UNRECOGNIZED - please categorize,3000.0,,0.0,False,True,auto-detect failed,Misc\SourceRecord_Chase_Withdrawal_AC_2025-09-25.pdf
,,(duplicate file),NEEDS REVIEW,Identical content to another file already counted,,,0.0,False,True,exact-duplicate document - excluded,Pool (Fernando)\Invoice_3025_from_Fernando_Perez.pdf
,,?,NEEDS REVIEW,UNRECOGNIZED - please categorize,,,0.0,False,True,auto-detect failed,RealEstateAgentContract.pdf
,,?,NEEDS REVIEW,UNRECOGNIZED - please categorize,79066.35,,0.0,False,True,auto-detect failed,Sell_Now_Analysis.pdf
,,?,NEEDS REVIEW,UNRECOGNIZED - please categorize,1225000.0,,0.0,False,True,auto-detect failed,W Fairway - Listing Agreement (Rev 082024).pdf
,2024-08-09,Fernando (Venmo pmt),Pool,Pool payment (note: .),824.0,50,0.0,False,True,pool counted from invoices - not re-counted here,Venmo\VenmoStatement_August_2024 (1).csv
C-106,2024-09-18,Pool (Fernando),Pool,"Pool service Aug 2024, inv#2119 (paid by Venmo 9/18/24; predates James-pool series)",356.0,50,178.0,True,True,email-sourced,(from Gmail sweep 2026-07-18)
,2024-09-19,Fernando (Venmo pmt),Pool,Pool payment (note: Pool invoice 2119),356.0,50,0.0,False,True,pool counted from invoices - not re-counted here,Venmo\VenmoStatement_September_2024 (1).csv
C-107,2024-10-04,Pool (Fernando),Pool,inv#2178 from email,443.0,50,221.5,True,True,email-sourced,(from Gmail sweep 2026-07-18)
C-108,2024-11-04,Pool (Fernando),Pool,inv#2234 from email,356.0,50,178.0,True,True,email-sourced,(from Gmail sweep 2026-07-18)
C-109,2024-12-04,Pool (Fernando),Pool,inv#2298 from email,348.0,50,174.0,True,True,email-sourced,(from Gmail sweep 2026-07-18)
C-110,2025-01-07,Pool (Fernando),Pool,inv#2375 from email,429.0,50,214.5,True,True,email-sourced,(from Gmail sweep 2026-07-18)
,2025-01-25,Fernando (Venmo pmt),Pool,Pool payment (note: Pool),1377.11,50,0.0,False,True,pool counted from invoices - not re-counted here,Venmo\VenmoStatement_January_2025 (1).csv
,2025-01-25,Pool (Fernando) — James pool,Pool,"inv#2319 - JAMES POOL, not the Fairway house",280.0,50,0.0,False,True,James pool - excluded per Ned,(from Gmail sweep 2026-07-18)
C-111,2025-02-01,Pool (Fernando),Pool,Pool service inv#2415,342.0,50,171.0,True,True,,Pool (Fernando)\Invoice_2415_from_Fernando_Perez.pdf
C-112,2025-02-25,Pool (Fernando),Pool,Pool service inv#2466,1350.0,50,675.0,True,True,,Pool (Fernando)\Invoice_2466_from_Fernando_Perez.pdf
,2025-02-25,Pool (Fernando) — James pool,Pool,"inv#2450 - JAMES POOL, not the Fairway house",350.0,50,0.0,False,True,James pool - excluded per Ned,(from Gmail sweep 2026-07-18)
,2025-02-26,Fernando (Venmo pmt),Pool,Pool payment (note: Pool),2042.0,50,0.0,False,True,pool counted from invoices - not re-counted here,Venmo\VenmoStatement_February_2025 (1).csv
C-113,2025-03-01,Pool (Fernando),Pool,Pool service inv#2474,348.0,50,174.0,True,True,,Pool (Fernando)\Invoice_2474_from_Fernando_Perez.pdf
,2025-03-14,Pool (Fernando) — James pool,Pool,"inv#2507 - JAMES POOL, not the Fairway house",280.0,50,0.0,False,True,James pool - excluded per Ned,(from Gmail sweep 2026-07-18)
C-114,2025-04-01,Pool (Fernando),Pool,Pool service inv#2585,443.0,50,221.5,True,True,,Pool (Fernando)\Invoice_2585_from_Fernando_Perez.pdf
C-115,2025-05-01,Pool (Fernando),Pool,Pool service inv#2599,364.0,50,182.0,True,True,,Pool (Fernando)\Invoice_2599_from_Fernando_Perez.pdf
C-116,2025-06-01,Pool (Fernando),Pool,Pool service inv#2658,372.0,50,186.0,True,True,,Pool (Fernando)\Invoice_2658_from_Fernando_Perez.pdf
,2025-06-10,Pool (Fernando) — James pool,Pool,"inv#2625 - JAMES POOL, not the Fairway house",280.0,50,0.0,False,True,James pool - excluded per Ned,(from Gmail sweep 2026-07-18)
,2025-06-10,Pool (Fernando) — James pool,Pool,"inv#2698 - JAMES POOL, not the Fairway house",350.0,50,0.0,False,True,James pool - excluded per Ned,(from Gmail sweep 2026-07-18)
,2025-06-20,Fernando (Venmo pmt),Pool,Pool payment (note: Invoices Ned),743.66,50,0.0,False,True,pool counted from invoices - not re-counted here,Venmo\VenmoStatement_June_2025 (1).csv
,2025-06-27,Fernando (Venmo pmt),Pool,Pool payment (note: James pool),630.0,50,0.0,False,True,pool counted from invoices - not re-counted here,Venmo\VenmoStatement_June_2025 (1).csv
,2025-06-30,Fernando (Venmo pmt),Pool,Pool payment (note: James pool),630.0,50,0.0,False,True,pool counted from invoices - not re-counted here,Venmo\VenmoStatement_June_2025 (1).csv
C-117,2025-07-01,Pool (Fernando),Pool,Pool service inv#2729,455.0,50,227.5,True,True,,Pool (Fernando)\Invoice_2729_from_Fernando_Perez.pdf
,2025-07-03,Pool (Fernando) — James pool,Pool,"inv#2766 - JAMES POOL, not the Fairway house",280.0,50,0.0,False,True,James pool - excluded per Ned,(from Gmail sweep 2026-07-18)
C-118,2025-08-14,Pool (Fernando),Pool,inv#2801 from email,376.0,50,188.0,True,True,email-sourced,(from Gmail sweep 2026-07-18)
,2025-08-14,Pool (Fernando) — James pool,Pool,"inv#2836 - JAMES POOL, not the Fairway house",350.0,50,0.0,False,True,James pool - excluded per Ned,(from Gmail sweep 2026-07-18)
C-119,2025-09-01,Pool (Fernando),Pool,Pool service inv#2872,376.0,50,188.0,True,True,,Pool (Fernando)\Invoice_2872_from_Fernando_Perez.pdf
,2025-09-08,Pool (Fernando) — James pool,Pool,"inv#2911 - JAMES POOL, not the Fairway house",280.0,50,0.0,False,True,James pool - excluded per Ned,(from Gmail sweep 2026-07-18)
C-120,2025-10-01,Pool (Fernando),Pool,Pool service inv#2944,470.0,50,235.0,True,True,,Pool (Fernando)\Invoice_2944_from_Fernando_Perez.pdf
,2025-10-14,Pool (Fernando) — James pool,Pool,"inv#3008 - JAMES POOL, not the Fairway house",280.0,50,0.0,False,True,James pool - excluded per Ned,(from Gmail sweep 2026-07-18)
C-121,2025-11-01,Pool (Fernando),Pool,Pool service inv#3025,370.0,50,185.0,True,True,,Pool (Fernando)\Invoice_3025_from_Fernando_Perez (1).pdf
,2025-11-06,Pool (Fernando) — James pool,Pool,"inv#3048 - JAMES POOL, not the Fairway house",350.0,50,0.0,False,True,James pool - excluded per Ned,(from Gmail sweep 2026-07-18)
C-122,2025-12-01,Pool (Fernando),Pool,Pool service inv#3101,364.0,50,182.0,True,True,,Pool (Fernando)\Invoice_3101_from_Fernando_Perez.pdf
,2025-12-01,Pool (Fernando) — James pool,Pool,"inv#3134 - JAMES POOL, not the Fairway house",280.0,50,0.0,False,True,James pool - excluded per Ned,(from Gmail sweep 2026-07-18)
C-123,2026-01-01,Pool (Fernando),Pool,Pool service inv#3168,449.0,50,224.5,True,True,,Pool (Fernando)\Invoice_3168_from_Fernando_Perez.pdf
,2026-01-05,Pool (Fernando) — James pool,Pool,"inv#3189 - JAMES POOL, not the Fairway house",350.0,50,0.0,False,True,James pool - excluded per Ned,(from Gmail sweep 2026-07-18)
,2026-01-22,Fernando (Venmo pmt),Pool,Pool payment (note: Pool),1000.0,50,0.0,False,True,pool counted from invoices - not re-counted here,Venmo\VenmoStatement_January_2026 (1).csv
C-124,2026-02-01,Pool (Fernando),Pool,Pool service inv#3249,364.0,50,182.0,True,True,,Pool (Fernando)\Invoice_3249_from_Fernando_Perez (1).pdf
,2026-02-01,Pool (Fernando) — James pool,Pool,Pool service inv#3268,280.0,50,0.0,False,True,JAMES POOL - excluded per Ned,Pool (Fernando)\Invoice_3268_from_Fernando_Perez.pdf
C-125,2026-03-01,Pool (Fernando),Pool,Pool service inv#3294,364.0,50,182.0,True,True,,Pool (Fernando)\Invoice_3294_from_Fernando_Perez.pdf
,2026-03-01,Pool (Fernando) — James pool,Pool,Pool service inv#3336,280.0,50,0.0,False,True,JAMES POOL - excluded per Ned,Pool (Fernando)\Invoice_3336_from_Fernando_Perez.pdf
C-126,2026-04-01,Pool (Fernando),Pool,Pool service inv#3376,475.0,50,237.5,True,True,,Pool (Fernando)\Invoice_3376_from_Fernando_Perez.pdf
,2026-04-20,Fernando (Venmo pmt),Pool,Pool payment (note: Pool),475.0,50,0.0,False,True,pool counted from invoices - not re-counted here,Venmo\VenmoStatement_April_2026.csv
C-127,2026-05-08,Pool (Fernando),Pool,inv#3435 from email,425.0,50,212.5,True,True,email-sourced,(from Gmail sweep 2026-07-18)
C-128,2026-06-08,Pool (Fernando),Pool,inv#3526 from email,460.0,50,230.0,True,True,email-sourced,(from Gmail sweep 2026-07-18)
C-129,2026-06-25,Pool (Fernando),Pool,"Pool service Jun 2026, inv#3576 (5 weekly cleanings x $95, 8792 W Fairway)",475.0,50,237.5,True,True,email-sourced,(from Gmail sweep 2026-07-18)
,,Studyville (COLLECTIONS),School/Tuition,Debt-collection notice (unpaid balance of invoices already counted),1395.0,12,0.0,False,True,not added - represented by invoices above,Studyville\Studyville Debt Collector.pdf
C-154,2024-09-16,St Luke's School (FACTS),School/Tuition,"Class trips 2024-25 (FACTS conf, MC 6499)",200.0,12,24.0,True,True,email-sourced,(from Gmail sweep 2026-07-18)
C-170,2024-10-01,Studyville,School/Tuition,Tuition invoice #115405 (treated as paid),2520.0,12,302.4,True,True,invoice counted as paid,School (StudyVille)\Studyville_Oct_2025.pdf
,2024-10-01,Studyville (dup/partial),School/Tuition,Studyville receipt,2520.0,12,0.0,False,True,duplicate of invoice #115405 already counted,Studyville\Studyville_Oct_2025.pdf
C-155,2024-10-06,St Luke's School (FACTS),School/Tuition,Parents' Guild merchandise (FACTS conf),18.0,12,2.16,True,True,email-sourced,(from Gmail sweep 2026-07-18)
C-156,2024-10-14,St Luke's School (FACTS),School/Tuition,"Class trips 2024-25 (FACTS conf, Visa 8056)",200.0,12,24.0,True,True,email-sourced,(from Gmail sweep 2026-07-18)
C-157,2025-01-09,St Luke's School (FACTS),School/Tuition,Tuition payment — paid by Gerald Pearson,6039.0,12,724.68,True,True,,Facts\St. Lukes Jan 2025.pdf
C-171,2025-01-15,Studyville,School/Tuition,Tuition payment,5115.0,12,613.8,True,True,,Studyville\Studyville Jan 2025.pdf
,2025-01-15,Studyville (dup/partial),School/Tuition,Studyville receipt,,12,0.0,False,True,$0 due - duplicate view of a counted charge,Studyville\Studyville July 2025.pdf
C-158,2025-01-15,St Luke's School (FACTS),School/Tuition,Tuition plan draft $200 + $5.90 fee (rescheduled after return),205.9,12,24.71,True,True,email-sourced,(from Gmail sweep 2026-07-18)
C-172,2025-02-01,Studyville,School/Tuition,Tuition invoice #116284 (treated as paid),2520.0,12,302.4,True,True,invoice counted as paid,School (StudyVille)\Studyville_Feb_2025.pdf
,2025-02-01,Studyville (dup/partial),School/Tuition,Studyville receipt,2520.0,12,0.0,False,True,duplicate of invoice #116284 already counted,School (StudyVille)\Studyville_March_2025.pdf
,2025-02-01,Studyville (dup/partial),School/Tuition,Studyville receipt,2520.0,12,0.0,False,True,duplicate of invoice #116284 already counted,Studyville\Studyville_Feb_2025.pdf
,2025-02-01,Studyville (dup/partial),School/Tuition,Studyville receipt,2520.0,12,0.0,False,True,duplicate of invoice #116284 already counted,Studyville\Studyville_March_2025.pdf
C-173,2025-04-01,Studyville,School/Tuition,Tuition invoice #116522 (treated as paid),2520.0,12,302.4,True,True,invoice counted as paid,School (StudyVille)\Studyville_April_2025.pdf
,2025-04-01,Studyville (dup/partial),School/Tuition,Studyville receipt,2520.0,12,0.0,False,True,duplicate of invoice #116522 already counted,Studyville\Studyville_April_2025.pdf
C-174,2025-05-01,Studyville,School/Tuition,Tuition invoice #116542 (treated as paid),2520.0,12,302.4,True,True,invoice counted as paid,School (StudyVille)\Studyville_May_2025.pdf
,2025-05-01,Studyville (dup/partial),School/Tuition,Studyville receipt,2520.0,12,0.0,False,True,duplicate of invoice #116542 already counted,Studyville\Studyville_May_2025.pdf
C-175,2025-08-04,Fran Fleniken,School/Tuition,Tutoring,120.0,12,14.4,True,True,Venmo,Venmo\VenmoStatement_August_2025 (2).csv
C-159,2025-08-07,St Luke's School (FACTS),School/Tuition,Tuition payment — paid by Gerald Pearson,658.0,12,78.96,True,True,,Facts\St. Lukes August (2) 2025.pdf
C-160,2025-08-07,St Luke's School (FACTS),School/Tuition,Tuition payment — paid by Gerald Pearson,6712.0,12,805.44,True,True,,Facts\St. Lukes August (3) 2025.pdf
,2025-08-07,St Luke's School (FACTS),School/Tuition,Tuition payment — paid by Gerald Pearson,658.0,12,0.0,False,True,duplicate FACTS payment id,Facts\St. Lukes August 2025.pdf
,2025-08-18,Studyville (dup/partial),School/Tuition,Studyville receipt,500.0,12,0.0,False,True,partial payment toward invoice #116542 (already counted in full),Studyville\Studyville Aug 2025.pdf
,2025-09-21,Studyville (dup/partial),School/Tuition,Studyville receipt,500.0,12,0.0,False,True,partial payment toward invoice #116542 (already counted in full),Studyville\Studyville Sept 2025.pdf
C-161,2025-12-14,St Luke's School (FACTS),School/Tuition,Tutoring fee (invoice 652009473),70.0,12,8.4,True,True,email-sourced,(from Gmail sweep 2026-07-18)
C-162,2025-12-31,St Luke's School (FACTS),School/Tuition,After Care drop-in (invoice 654818426),32.0,12,3.84,True,True,email-sourced,(from Gmail sweep 2026-07-18)
C-163,2026-01-30,St Luke's School (FACTS),School/Tuition,Tutoring fee (invoice 663128726),100.0,12,12.0,True,True,email-sourced,(from Gmail sweep 2026-07-18)
C-164,2026-03-09,St Luke's School (FACTS),School/Tuition,Tutoring fee (invoice 675669295),40.0,12,4.8,True,True,email-sourced,(from Gmail sweep 2026-07-18)
C-165,2026-04-09,St Luke's School (FACTS),School/Tuition,Tuition payment — paid by Gerald Pearson,6200.0,12,744.0,True,True,,Facts\St. Lukes April 2026.pdf
C-166,2026-04-21,St Luke's School (FACTS),School/Tuition,Softball $175 + After Care $16 (invoice 690124466),191.0,12,22.92,True,True,email-sourced,(from Gmail sweep 2026-07-18)
C-167,2026-06-08,St Luke's School (FACTS),School/Tuition,Tutoring $100 + After Care $16 (invoice 704723238),116.0,12,13.92,True,True,email-sourced,(from Gmail sweep 2026-07-18)
C-168,2026-06-15,St Luke's School (FACTS),School/Tuition,Library book replacement (invoice 707380812),14.64,12,1.76,True,True,email-sourced,(from Gmail sweep 2026-07-18)
C-169,2026-06-30,St Luke's School (FACTS),School/Tuition,Remaining tuition payment-plan balance (statement 6/30/26; treated as paid),627.0,12,75.24,True,True,email-sourced,(from Gmail sweep 2026-07-18)
C-198,2025-07-10,PODS (Storage),Storage,Storage container,304.98,50,152.49,True,True, (known amount; OCR unavailable),Pods\Pods August 2025.pdf
C-199,2025-08-10,PODS (Storage),Storage,Storage container,297.25,50,148.63,True,True, (known amount; OCR unavailable),Pods\Pods Sept 2025.pdf
C-200,2025-09-10,PODS (Storage),Storage,Storage container,297.25,50,148.63,True,True, (known amount; OCR unavailable),Pods\Pods Oct 2025.pdf
C-201,2025-10-10,PODS (Storage),Storage,Storage container,297.25,50,148.63,True,True, (known amount; OCR unavailable),Pods\Pods Oct(2) 2025.pdf
C-202,2025-11-10,PODS (Storage),Storage,Storage container,297.25,50,148.63,True,True, (known amount; OCR unavailable),Pods\Pods Nov 2025.pdf
C-203,2025-12-10,PODS (Storage),Storage,Storage container,297.25,50,148.63,True,True, (known amount; OCR unavailable),Pods\Pods Dec 2025.pdf
C-204,2026-01-10,PODS (Storage),Storage,Storage container,297.25,50,148.63,True,True, (known amount; OCR unavailable),Pods\Pods Jan 2026.pdf
C-205,2026-02-10,PODS (Storage),Storage,recurring rate from PODS order (email),279.0,50,139.5,True,True,email-sourced,(from Gmail sweep 2026-07-18)
C-206,2026-03-10,PODS (Storage),Storage,recurring rate from PODS order (email),279.0,50,139.5,True,True,email-sourced,(from Gmail sweep 2026-07-18)
C-207,2026-04-10,PODS (Storage),Storage,recurring rate from PODS order (email),279.0,50,139.5,True,True,email-sourced,(from Gmail sweep 2026-07-18)
C-208,2026-05-15,PODS (Storage),Storage,final month + pickup fee 51.75 (email),330.75,50,165.38,True,True,email-sourced,(from Gmail sweep 2026-07-18)
,,Atmos (Gas),Utilities,Gas current charges,,50,0.0,False,True,no date/amount readable - moved to Review,8792 West Fairway Dr (1) (1).pdf
,,BR Water,Utilities,Water/Sewer amount due,,50,0.0,False,True,no date/amount readable - moved to Review,BR Water Company\BR Water July.jpg
C-041,2024-08-09,BR Water,Utilities,"Water/Sewer Aug 2024 (SpeedPay payment, acct *2506)",281.73,50,140.87,True,True,email-sourced,(from Gmail sweep 2026-07-18)
C-085,2024-08-12,Atmos (Gas),Utilities,from email (current charges),84.2,50,42.1,True,True,email-sourced,(from Gmail sweep 2026-07-18)
C-063,2024-08-31,AT&T Internet,Utilities,from email,110.38,50,55.19,True,True,email-sourced,(from Gmail sweep 2026-07-18)
C-023,2024-09-07,Entergy (Electric),Utilities,from email - no PDF on file,522.76,50,261.38,True,True,email-sourced,(from Gmail sweep 2026-07-18)
C-086,2024-09-11,Atmos (Gas),Utilities,from email (current charges),36.94,50,18.47,True,True,email-sourced,(from Gmail sweep 2026-07-18)
C-064,2024-09-30,AT&T Internet,Utilities,from email,110.38,50,55.19,True,True,email-sourced,(from Gmail sweep 2026-07-18)
C-087,2024-10-10,Atmos (Gas),Utilities,from email (current charges),59.81,50,29.91,True,True,email-sourced,(from Gmail sweep 2026-07-18)
C-065,2024-10-30,AT&T Internet,Utilities,from email,110.38,50,55.19,True,True,email-sourced,(from Gmail sweep 2026-07-18)
C-066,2024-11-09,AT&T Internet,Utilities,Home internet acct 310682407 (original home acct per Ned records; predecessor of 322444580),80.92,50,40.46,True,True,email-sourced,(from Gmail sweep 2026-07-18)
C-088,2024-11-11,Atmos (Gas),Utilities,from email (current charges),53.16,50,26.58,True,True,email-sourced,(from Gmail sweep 2026-07-18)
C-067,2024-12-01,AT&T Internet,Utilities,from email,115.38,50,57.69,True,True,email-sourced,(from Gmail sweep 2026-07-18)
C-024,2024-12-06,Entergy (Electric),Utilities,from email - no PDF on file,506.49,50,253.25,True,True,email-sourced,(from Gmail sweep 2026-07-18)
C-089,2024-12-11,Atmos (Gas),Utilities,from email (current charges),63.83,50,31.92,True,True,email-sourced,(from Gmail sweep 2026-07-18)
C-068,2024-12-30,AT&T Internet,Utilities,from email,115.38,50,57.69,True,True,email-sourced,(from Gmail sweep 2026-07-18)
C-042,2025-01-08,BR Water,Utilities,"Water/Sewer Sep-Dec 2024 balance (catch-up payment 1/8/25, acct *2506)",361.21,50,180.61,True,True,email-sourced,(from Gmail sweep 2026-07-18)
C-043,2025-01-08,BR Water,Utilities,"Irrigation late-2024 balance (catch-up payment 1/8/25, acct *4303)",21.87,50,10.94,True,True,email-sourced,(from Gmail sweep 2026-07-18)
C-025,2025-01-09,Entergy (Electric),Utilities,from email - no PDF on file,511.18,50,255.59,True,True,email-sourced,(from Gmail sweep 2026-07-18)
C-090,2025-01-13,Atmos (Gas),Utilities,from email (current charges),68.48,50,34.24,True,True,email-sourced,(from Gmail sweep 2026-07-18)
C-044,2025-01-20,BR Water,Utilities,Water/Sewer Jan 2025 current charges (email),177.42,50,88.71,True,True,email-sourced,(from Gmail sweep 2026-07-18)
C-045,2025-01-20,BR Water,Utilities,Irrigation Jan 2025 current charges (email),38.79,50,19.4,True,True,email-sourced,(from Gmail sweep 2026-07-18)
C-069,2025-01-28,AT&T Internet,Utilities,Internet monthly charge (bill 1/28/25),115.4,50,57.7,True,True,email-sourced,(from Gmail sweep 2026-07-18)
C-026,2025-02-07,Entergy (Electric),Utilities,Electric amount due (current period),507.96,50,253.98,True,True,,Entergy\Entergy_Feb_2025.pdf
C-091,2025-02-11,Atmos (Gas),Utilities,Gas current charges,62.83,50,31.42,True,True,,Atmos\Atmos_Mar_2025.pdf
C-046,2025-02-20,BR Water,Utilities,Water/Sewer Feb 2025 current charges (email),173.99,50,87.0,True,True,email-sourced,(from Gmail sweep 2026-07-18)
C-070,2025-02-22,AT&T Internet,Utilities,Internet monthly charge,115.4,50,57.7,True,True,,Internet\ATTBill_4580_Feb2025.pdf
C-027,2025-03-10,Entergy (Electric),Utilities,Electric amount due (current period),0.0,50,0.0,True,True,credit balance / do not pay,Entergy\Entergy_Mar_2025.pdf
C-092,2025-03-12,Atmos (Gas),Utilities,Gas current charges,298.2,50,149.1,True,True,,Atmos\Atmos_Aprl_2025.pdf
C-047,2025-03-20,BR Water,Utilities,Water/Sewer Mar 2025 current charges (email),151.19,50,75.6,True,True,email-sourced,(from Gmail sweep 2026-07-18)
C-071,2025-03-22,AT&T Internet,Utilities,Internet monthly charge,115.4,50,57.7,True,True,,Internet\ATTBill_4580_Mar2025.pdf
C-028,2025-04-08,Entergy (Electric),Utilities,Electric amount due (current period),356.73,50,178.37,True,True,,Entergy\Entergy_Apr_2025.pdf
C-093,2025-04-11,Atmos (Gas),Utilities,Gas current charges,59.64,50,29.82,True,True,,Atmos\Atmos_May_2025.pdf
C-048,2025-04-14,BR Water,Utilities,Irrigation amount due,18.19,50,9.1,True,True,,BR Water Company\BR Water April 2025.pdf
C-049,2025-04-20,BR Water,Utilities,Water/Sewer Apr 2025 current charges (email),157.27,50,78.64,True,True,email-sourced,(from Gmail sweep 2026-07-18)
C-072,2025-04-22,AT&T Internet,Utilities,Internet monthly charge,120.42,50,60.21,True,True,,Internet\ATTBill_4580_Apr2025.pdf
C-050,2025-05-05,BR Water,Utilities,Irrigation amount due,29.62,50,14.81,True,True,,BR Water Company\BR Water May 2025.pdf
C-029,2025-05-07,Entergy (Electric),Utilities,Electric amount due (current period),483.24,50,241.62,True,True,,Entergy\Entergy_May-2025.pdf
C-094,2025-05-12,Atmos (Gas),Utilities,Gas current charges,106.33,50,53.17,True,True,,Atmos\Atmos_June_2025.pdf
C-051,2025-05-20,BR Water,Utilities,Water/Sewer May 2025 current charges (email),137.49,50,68.75,True,True,email-sourced,(from Gmail sweep 2026-07-18)
C-073,2025-05-22,AT&T Internet,Utilities,Internet monthly charge,120.42,50,60.21,True,True,,Internet\ATTBill_4580_May2025.pdf
C-030,2025-06-09,Entergy (Electric),Utilities,Electric amount due (current period),526.24,50,263.12,True,True,,Entergy\Entergy_June_2025.pdf
C-095,2025-06-11,Atmos (Gas),Utilities,Gas current charges,76.6,50,38.3,True,True,,Atmos\Atmos_July_2025.pdf
C-074,2025-06-22,AT&T Internet,Utilities,Internet monthly charge,120.42,50,60.21,True,True,,Internet\ATTBill_4580_Jun2025.pdf
C-031,2025-07-09,Entergy (Electric),Utilities,Electric amount due (current period),520.18,50,260.09,True,True,,Entergy\Entergy_Jul_2025.pdf
C-096,2025-07-11,Atmos (Gas),Utilities,from email (current charges),49.96,50,24.98,True,True,email-sourced,(from Gmail sweep 2026-07-18)
C-075,2025-07-22,AT&T Internet,Utilities,Internet monthly charge,120.42,50,60.21,True,True,,Internet\ATTBill_4580_Jul2025.pdf
C-052,2025-08-04,BR Water,Utilities,Water/Sewer amount due,310.72,50,155.36,True,True,,BR Water Company\BR Water August 2025.pdf
C-032,2025-08-08,Entergy (Electric),Utilities,Electric amount due (current period),471.37,50,235.69,True,True,,Entergy\Entergy_Aug_2025.pdf
C-097,2025-08-12,Atmos (Gas),Utilities,Gas current charges,49.88,50,24.94,True,True,,Atmos\Atmos_Aug_2025.pdf
C-076,2025-08-22,AT&T Internet,Utilities,Internet monthly charge,120.42,50,60.21,True,True,,Internet\ATTBill_4580_Aug2025.pdf
C-033,2025-09-09,Entergy (Electric),Utilities,Electric amount due (current period),472.84,50,236.42,True,True,,Entergy\Entergy_Sep_2025.pdf
C-098,2025-09-11,Atmos (Gas),Utilities,Gas current charges,46.71,50,23.36,True,True,,Atmos\Atmos_Oct_2025.pdf
C-077,2025-09-22,AT&T Internet,Utilities,Internet monthly charge,120.42,50,60.21,True,True,,Internet\ATTBill_4580_Sep2025.pdf
C-053,2025-10-02,BR Water,Utilities,Water/Sewer amount due,298.38,50,149.19,True,True,,BR Water Company\BR Water October.pdf
C-034,2025-10-08,Entergy (Electric),Utilities,Electric amount due (current period),483.86,50,241.93,True,True,,Entergy\Entergy_Oct_2025.pdf
C-099,2025-10-10,Atmos (Gas),Utilities,Gas current charges,49.46,50,24.73,True,True,,Atmos\Atmos_Nov_2025.pdf
C-078,2025-10-22,AT&T Internet,Utilities,Internet monthly charge,120.42,50,60.21,True,True,,Internet\ATTBill_4580_Oct2025.pdf
C-054,2025-10-31,BR Water,Utilities,Irrigation amount due,84.21,50,42.11,True,True,,BR Water Company\BR Water October(2) 2025.pdf
C-035,2025-11-07,Entergy (Electric),Utilities,Electric amount due (current period),452.79,50,226.4,True,True,,Entergy\Entergy_Nov_2025.pdf
C-055,2025-11-10,BR Water,Utilities,Water/Sewer amount due,148.77,50,74.39,True,True,,BR Water Company\BR Water Nov 2025.pdf
C-100,2025-11-11,Atmos (Gas),Utilities,Gas current charges,58.86,50,29.43,True,True,,Atmos\Atmos_Dec_2025.pdf
C-079,2025-11-22,AT&T Internet,Utilities,Internet monthly charge,120.42,50,60.21,True,True,,Internet\ATTBill_4580_Nov2025.pdf
C-056,2025-12-08,BR Water,Utilities,Water/Sewer amount due,165.09,50,82.55,True,True,,BR Water Company\BR Water Dec 2025.pdf
C-036,2025-12-08,Entergy (Electric),Utilities,Electric amount due (current period),439.27,50,219.64,True,True,,Entergy\Entergy_Dec_2025.pdf
C-101,2025-12-10,Atmos (Gas),Utilities,Gas current charges,62.86,50,31.43,True,True,,Atmos\Atmos_Jan_2026.pdf
C-080,2025-12-22,AT&T Internet,Utilities,Internet monthly charge,125.42,50,62.71,True,True,,Internet\ATTBill_4580_Dec2025.pdf
C-057,2026-01-07,BR Water,Utilities,Water/Sewer amount due,320.67,50,160.34,True,True,,BR Water Company\BR Water Jan 2025.pdf
C-058,2026-01-08,BR Water,Utilities,Irrigation amount due,28.63,50,14.32,True,True,,BR Water Company\BR Water Jan(2) 2025.pdf
C-037,2026-01-09,Entergy (Electric),Utilities,Electric amount due (current period),492.4,50,246.2,True,True,,Entergy\Entergy_Jan_2026.pdf
C-102,2026-01-13,Atmos (Gas),Utilities,Gas current charges,150.77,50,75.39,True,True,,Atmos\Atmos_Feb_2026.pdf
C-081,2026-01-22,AT&T Internet,Utilities,Internet monthly charge,125.42,50,62.71,True,True,,Internet\ATTBill_4580_Jan2026.pdf
C-059,2026-02-05,BR Water,Utilities,Irrigation amount due,60.98,50,30.49,True,True,,BR Water Company\BR Water Feb 2026.pdf
C-038,2026-02-09,Entergy (Electric),Utilities,Electric amount due (current period),486.33,50,243.17,True,True,,Entergy\Entergy_Feb_2026.pdf
C-103,2026-02-10,Atmos (Gas),Utilities,Gas current charges,120.82,50,60.41,True,True,,Atmos\Atmos_March_2026.pdf
C-060,2026-02-12,BR Water,Utilities,Water/Sewer amount due,156.82,50,78.41,True,True,,BR Water Company\BR Water Feb (2) 2026.pdf
C-082,2026-02-22,AT&T Internet,Utilities,Internet monthly charge,125.42,50,62.71,True,True,,Internet\ATTBill_4580_Feb2026.pdf
C-061,2026-03-06,BR Water,Utilities,Water/Sewer amount due,339.44,50,169.72,True,True,,BR Water Company\BR Water March 2026.pdf
C-039,2026-03-10,Entergy (Electric),Utilities,Electric amount due (current period),489.12,50,244.56,True,True,,Entergy\Entergy_Mar_2026.pdf
C-104,2026-03-11,Atmos (Gas),Utilities,Gas current charges,392.11,50,196.06,True,True,,Atmos\Atmos_April_2026.pdf
C-062,2026-03-16,BR Water,Utilities,Irrigation amount due,113.26,50,56.63,True,True,,BR Water Company\BR Water March (2) 2026.pdf
C-083,2026-03-31,AT&T Internet,Utilities,from email,125.42,50,62.71,True,True,email-sourced,(from Gmail sweep 2026-07-18)
C-040,2026-04-08,Entergy (Electric),Utilities,Electric amount due (current period),472.14,50,236.07,True,True,,Entergy\Entergy_Apr_2026.pdf
C-105,2026-04-13,Atmos (Gas),Utilities,Gas current charges (bill 4/13/26; May showed credit balance),51.74,50,25.87,True,True,email-sourced,(from Gmail sweep 2026-07-18)
C-084,2026-04-22,AT&T Internet,Utilities,Internet monthly charge,125.42,50,62.71,True,True,,Internet\ATTBill_4580_Apr2026.pdf
,2026-05-07,Entergy (Electric),Utilities,Electric current charges (bill 5/7/26; total due incl. arrears excluded),347.0,50,0.0,True,False,email-sourced | after utilities end 2026-04,(from Gmail sweep 2026-07-18)
,2026-05-12,Atmos (Gas),Utilities,from email (current charges),41.88,50,0.0,True,False,email-sourced | after utilities end 2026-04,(from Gmail sweep 2026-07-18)
,2026-05-12,BR Water,Utilities,Irrigation Apr+May 2026 (autopay 5/12/26),62.36,50,0.0,True,False,email-sourced | after utilities end 2026-04,(from Gmail sweep 2026-07-18)
,2026-05-31,AT&T Internet,Utilities,from email,160.42,50,0.0,True,False,email-sourced | after utilities end 2026-04,(from Gmail sweep 2026-07-18)
,2026-06-06,Entergy (Electric),Utilities,Electric current charges (bill 6/6/26),435.76,50,0.0,True,False,email-sourced | after utilities end 2026-04,(from Gmail sweep 2026-07-18)
,2026-06-09,BR Water,Utilities,Irrigation Jun 2026 (autopay),18.94,50,0.0,True,False,email-sourced | after utilities end 2026-04,(from Gmail sweep 2026-07-18)
,2026-06-10,Atmos (Gas),Utilities,from email (current charges),57.46,50,0.0,True,False,email-sourced | after utilities end 2026-04,(from Gmail sweep 2026-07-18)
,2026-06-27,AT&T Internet,Utilities,Internet monthly charge (bill 6/27/26),125.42,50,0.0,True,False,email-sourced | after utilities end 2026-04,(from Gmail sweep 2026-07-18)
,2026-07-08,Entergy (Electric),Utilities,Electric current charges (bill 7/8/26; arrears excluded),519.07,50,0.0,True,False,email-sourced | after utilities end 2026-04,(from Gmail sweep 2026-07-18)
,2026-07-08,BR Water,Utilities,Water/Sewer Jul 2026 current (payment 7/8/26; separate $400 arrears payment excluded as already-billed),90.57,50,0.0,True,False,email-sourced | after utilities end 2026-04,(from Gmail sweep 2026-07-18)
,2026-07-09,BR Water,Utilities,Irrigation Jul 2026 (autopay),12.39,50,0.0,True,False,email-sourced | after utilities end 2026-04,(from Gmail sweep 2026-07-18)
,2026-07-13,Atmos (Gas),Utilities,from email (current charges),50.83,50,0.0,True,False,email-sourced | after utilities end 2026-04,(from Gmail sweep 2026-07-18)
